ticker,name_source,location,exchange_source,currency,asset_class,exchange_code,figi,composite_figi,share_class_figi,security_name,security_type,security_type_2,market_sector,security_description,match_count,status
6669,WIWYNN CORPORATION,Taiwan,Taiwan Stock Exchange,USD,Equity,TT (Taiwan Stock Exchange),BBG00J4ZF054,BBG00J4ZF036,BBG00J4ZF090,WIWYNN CORP,Common Stock,Common Stock,Equity,6669,1,MATCH
NVDA,NVIDIA,United States,NASDAQ,USD,Equity,US,BBG000BBJQV0,BBG000BBJQV0,BBG001S5TZJ6,NVIDIA CORP,Common Stock,Common Stock,Equity,NVDA,1,MATCH
BMY,BRISTOL MYERS SQUIBB,United States,NYSE,USD,Equity,US,BBG000DQLV23,BBG000DQLV23,BBG001S8N8J6,BRISTOL-MYERS SQUIBB CO,Common Stock,Common Stock,Equity,BMY,1,MATCH
VWS,VESTAS WIND SYSTEMS,Denmark,Omx Nordic Exchange Copenhagen A/S,USD,Equity,DC,BBG000BJBK53,BBG000BJBJM7,BBG001S7TVH3,VESTAS WIND SYSTEMS A/S,Common Stock,Common Stock,Equity,VWS,1,MATCH
TSN,TYSON FOODS INC CLASS A,United States,NYSE,USD,Equity,US,BBG000DKCC19,BBG000DKCC19,BBG001S871D5,TYSON FOODS INC-CL A,Common Stock,Common Stock,Equity,TSN,1,MATCH
FSLR,FIRST SOLAR,United States,NASDAQ,USD,Equity,US,BBG000BFL116,BBG000BFL116,BBG001S991Z7,FIRST SOLAR INC,Common Stock,Common Stock,Equity,FSLR,1,MATCH
MRVL,MARVELL TECHNOLOGY,United States,NASDAQ,USD,Equity,US,BBG00ZXBJ153,BBG00ZXBJ153,BBG00ZXBJ162,MARVELL TECHNOLOGY INC,Common Stock,Common Stock,Equity,MRVL,1,MATCH
9020,EAST JAPAN RAILWAY,Japan,Tokyo Stock Exchange,USD,Equity,JP,BBG000BJ2DR5,BBG000BJ2DR5,BBG001S7F0R5,EAST JAPAN RAILWAY CO,Common Stock,Common Stock,Equity,9020,1,MATCH
NOVN,NOVARTIS AG,Switzerland,SIX Swiss Exchange,USD,Equity,SW,BBG000NQV2C4,BBG000NQV2C4,BBG001SD31N7,NOVARTIS AG-REG,Common Stock,Common Stock,Equity,NOVN,1,MATCH
288,WH GROUP,Hong Kong,Hong Kong Exchanges And Clearing Ltd,USD,Equity,HK,BBG00699M8Q7,BBG004MMZ474,BBG004MMZ492,WH GROUP LTD,Common Stock,Common Stock,Equity,288,1,MATCH
1216,UNI-PRESIDENT ENTERPRISES,Taiwan,Taiwan Stock Exchange,USD,Equity,TT (Taiwan Stock Exchange),BBG000BF1ZZ6,BBG000BF1ZR5,BBG001S6JRT2,UNI-PRESIDENT ENTERPRISES CO,Common Stock,Common Stock,Equity,1216,1,MATCH
2015,LI AUTO CLASS A,China,Hong Kong Exchanges And Clearing Ltd,USD,Equity,HK,BBG0120WC125,BBG00W283H17,BBG00W283H26,LI AUTO INC-CLASS A,Common Stock,Common Stock,Equity,2015,1,MATCH
9698,GDS HOLDINGS CLASS A,China,Hong Kong Exchanges And Clearing Ltd,USD,Equity,HK,BBG00XYB3ZD0,BBG00F0G31Y7,BBG00F0G31Z6,GDS HOLDINGS LTD-CL A,Common Stock,Common Stock,Equity,9698,1,MATCH
KMB,KIMBERLY CLARK,United States,NASDAQ,USD,Equity,US,BBG000BMW2Z0,BBG000BMW2Z0,BBG001S5SLZ0,KIMBERLY-CLARK CORP,Common Stock,Common Stock,Equity,KMB,1,MATCH
9866,NIO CLASS A,China,Hong Kong Exchanges And Clearing Ltd,USD,Equity,HK,BBG015PB0HH9,BBG00LVBT7N2,BBG00LVBT7P0,NIO INC-CLASS A,Common Stock,Common Stock,Equity,9866,1,MATCH
EQIX,EQUINIX REIT,United States,NASDAQ,USD,Equity,US,BBG000MBDGM6,BBG000MBDGM6,BBG001SKBNS9,EQUINIX INC,REIT,REIT,Equity,EQIX,1,MATCH
9022,CENTRAL JAPAN RAILWAY,Japan,Tokyo Stock Exchange,USD,Equity,JP,BBG000JD6QG9,BBG000JD6QG9,BBG001SB2G40,CENTRAL JAPAN RAILWAY CO,Common Stock,Common Stock,Equity,9022,1,MATCH
9868,XPENG CLASS A INC,China,Hong Kong Exchanges And Clearing Ltd,USD,Equity,HK,BBG011LRHTM7,BBG00WLM1N23,BBG00WLM1N32,XPENG INC - CLASS A SHARES,Common Stock,Common Stock,Equity,9868,1,MATCH
ESSITY B,ESSITY CLASS B,Sweden,Nasdaq Omx Nordic,USD,Equity,SS,,,,,,,,,0,NO_MATCH
REGN,REGENERON PHARMACEUTICALS,United States,NASDAQ,USD,Equity,US,BBG000C734W3,BBG000C734W3,BBG001S6PX49,REGENERON PHARMACEUTICALS,Common Stock,Common Stock,Equity,REGN,1,MATCH
VRTX,VERTEX PHARMACEUTICALS,United States,NASDAQ,USD,Equity,US,BBG000C1S2X2,BBG000C1S2X2,BBG001S68LJ8,VERTEX PHARMACEUTICALS INC,Common Stock,Common Stock,Equity,VRTX,1,MATCH
CSL,CSL,Australia,Asx - All Markets,USD,Equity,AU,BBG000BKBN81,BBG000BKBN81,BBG001S7YNK1,CSL LTD,Common Stock,Common Stock,Equity,CSL,1,MATCH
WY,WEYERHAEUSER REIT,United States,NYSE,USD,Equity,US,BBG000BX3BL3,BBG000BX3BL3,BBG001S5XL11,WEYERHAEUSER CO,REIT,REIT,Equity,WY,1,MATCH
HOT,HOCHTIEF AG,Germany,Xetra,USD,Equity,GY,BBG000BC3WH8,BBG000BC3V44,BBG001S68MQ8,HOCHTIEF AG,Common Stock,Common Stock,Equity,HOT,1,MATCH
ANA,ACCIONA,Spain,Bolsa De Madrid,USD,Equity,SM,BBG000BMJCK9,BBG000BMJCK9,BBG001S9RSB4,ACCIONA SA,Common Stock,Common Stock,Equity,ANA,1,MATCH
DLR,DIGITAL REALTY TRUST REIT,United States,NYSE,USD,Equity,US,BBG000Q5ZRM7,BBG000Q5ZRM7,BBG001SM0K30,DIGITAL REALTY TRUST INC,REIT,REIT,Equity,DLR,1,MATCH
VNA,VONOVIA SE,Germany,Xetra,USD,Equity,GY,BBG004C6MBZ7,BBG000BT0ZM1,BBG001SC00P2,VONOVIA SE,Common Stock,Common Stock,Equity,VNA,1,MATCH
MOWI,MOWI,Norway,Oslo Bors Asa,USD,Equity,NO,BBG000JDLY02,BBG000JDLX22,BBG001SB2PP7,MOWI ASA,Common Stock,Common Stock,Equity,MOWI,1,MATCH
MAS,MASCO,United States,NYSE,USD,Equity,US,BBG000BNNKG9,BBG000BNNKG9,BBG001S5SZ70,MASCO CORP,Common Stock,Common Stock,Equity,MAS,1,MATCH
SIGMAFA,ALFA A,Mexico,Bolsa Mexicana De Valores,USD,Equity,MM,BBG000BQC595,BBG000BQC595,BBG001SDG7X9,SIGMA FOODS SAB DE CV,Common Stock,Common Stock,Equity,SIGMAFA,1,MATCH
300750,CONTEMPORARY AMPEREX TECHNOLOGY A,China,Shenzhen Stock Exchange,USD,Equity,SZ,,,,,,,,,0,NO_MATCH
SAP,SAPUTO,Canada,Toronto Stock Exchange,USD,Equity,CN,BBG000BHGZT3,BBG000BHGZT3,BBG001S7PK09,SAPUTO INC,Common Stock,Common Stock,Equity,SAP,1,MATCH
2319,CHINA MENGNIU DAIRY LTD,China,Hong Kong Exchanges And Clearing Ltd,USD,Equity,HK,BBG000PXTGY5,BBG000PXTGG5,BBG001SLX9R5,CHINA MENGNIU DAIRY CO,Common Stock,Common Stock,Equity,2319,1,MATCH
4568,DAIICHI SANKYO LTD,Japan,Tokyo Stock Exchange,USD,Equity,JP,BBG000BWPLT1,BBG000BWPLT1,BBG001SJB4R5,DAIICHI SANKYO CO LTD,Common Stock,Common Stock,Equity,4568,1,MATCH
PSON,PEARSON PLC,United Kingdom,London Stock Exchange,USD,Equity,LN,BBG000BDY8C0,BBG000BDY849,BBG001S630G2,PEARSON PLC,Common Stock,Common Stock,Equity,PSON,1,MATCH
9863,ZHEJIANG LEAPMOTOR TECHNOLOGY LTD,China,Hong Kong Exchanges And Clearing Ltd,USD,Equity,HK,BBG0169H8NM5,BBG0169H8NL6,BBG0169H8NN4,ZHEJIANG LEAPMOTOR TECHNOL-H,Common Stock,Common Stock,Equity,9863,1,MATCH
ORSTED,ORSTED A/S,Denmark,Omx Nordic Exchange Copenhagen A/S,USD,Equity,DC,BBG00B2HPN16,BBG000BXG658,BBG001S7BMJ0,ORSTED A/S,Common Stock,Common Stock,Equity,ORSTED,1,MATCH
RIVN,RIVIAN AUTOMOTIVE INC CLASS A,United States,NASDAQ,USD,Equity,US,BBG00741Y1N2,BBG00741Y1N2,BBG00741Y1P0,RIVIAN AUTOMOTIVE INC-A,Common Stock,Common Stock,Equity,RIVN,1,MATCH
EW,EDWARDS LIFESCIENCES,United States,NYSE,USD,Equity,US,BBG000BRXP69,BBG000BRXP69,BBG001SF2288,EDWARDS LIFESCIENCES CORP,Common Stock,Common Stock,Equity,EW,1,MATCH
373220,LG ENERGY SOLUTION LTD,Korea (South),Korea Exchange (Stock Market),USD,Equity,KS,BBG00ZN6CKP8,BBG00ZN6CKP8,BBG00ZN6CKS5,LG ENERGY SOLUTION,Common Stock,Common Stock,Equity,373220,1,MATCH
688472,CSI SOLAR LTD A,China,Shanghai Stock Exchange,USD,Equity,CH,BBG00CRG0YF7,BBG00CRG0YF7,BBG00CRG0YG6,CSI SOLAR CO LTD-A,Common Stock,Common Stock,Equity,688472,1,MATCH
DXCM,DEXCOM INC,United States,NASDAQ,USD,Equity,US,BBG000QTF8K1,BBG000QTF8K1,BBG001SKZG99,DEXCOM INC,Common Stock,Common Stock,Equity,DXCM,1,MATCH
9901,NEW ORIENTAL EDUCATION &amp; TECHNOLOG,China,Hong Kong Exchanges And Clearing Ltd,USD,Equity,HK,BBG00Y0937D2,BBG000BWSVL4,BBG001SJC9C9,NEW ORIENTAL EDUCATION & TEC,Common Stock,Common Stock,Equity,9901,1,MATCH
TAL,TAL EDUCATION GROUP ADR REPTG,China,NYSE,USD,Equity,US,BBG0016XJ8S0,BBG0016XJ8S0,BBG001TCN2J9,TAL EDUCATION GROUP- ADR,ADR,Depositary Receipt,Equity,TAL,1,MATCH
ARGX,ARGENX,Belgium,Nyse Euronext - Euronext Brussels,USD,Equity,BB,BBG006MF2DW2,BBG001J2PBK8,BBG001V0GFM7,ARGENX SE,Common Stock,Common Stock,Equity,ARGX,1,MATCH
UU.,UNITED UTILITIES GROUP PLC,United Kingdom,London Stock Exchange,USD,Equity,LN,,,,,,,,,0,NO_MATCH
002129,TCL ZHONGHUAN RENEWABLE ENERGY TEC,China,Shenzhen Stock Exchange,USD,Equity,SZ,,,,,,,,,0,NO_MATCH
ALNY,ALNYLAM PHARMACEUTICALS,United States,NASDAQ,USD,Equity,US,BBG000BFGNJ5,BBG000BFGNJ5,BBG001S7FTC8,ALNYLAM PHARMACEUTICALS INC,Common Stock,Common Stock,Equity,ALNY,1,MATCH
8113,UNICHARM,Japan,Tokyo Stock Exchange,USD,Equity,JP,BBG000BDJH37,BBG000BDJH37,BBG001S6G0W0,UNICHARM CORP,Common Stock,Common Stock,Equity,8113,1,MATCH
66,MTR CORPORATION,Hong Kong,Hong Kong Exchanges And Clearing Ltd,USD,Equity,HK,BBG000MKLJD1,BBG000MKLHP2,BBG001SD50Y5,MTR CORP,Common Stock,Common Stock,Equity,66,1,MATCH
INCY,INCYTE CORP,United States,NASDAQ,USD,Equity,US,BBG000BNPSQ9,BBG000BNPSQ9,BBG001S8Q6N2,INCYTE CORP,Common Stock,Common Stock,Equity,INCY,1,MATCH
SCG,SCENTRE GROUP,Australia,Asx - All Markets,USD,Equity,AU,BBG0064P2D05,BBG0064P2D05,BBG0064P2CZ9,SCENTRE GROUP,REIT,REIT,Equity,SCG,1,MATCH
SOON,SONOVA HOLDING AG,Switzerland,SIX Swiss Exchange,USD,Equity,SW,BBG000RSPBY9,BBG000RSPBY9,BBG001S9M3H8,SONOVA HOLDING AG-REG,Common Stock,Common Stock,Equity,SOON,1,MATCH
4543,TERUMO,Japan,Tokyo Stock Exchange,USD,Equity,JP,BBG000BK08X8,BBG000BK08X8,BBG001S6CGR5,TERUMO CORP,Common Stock,Common Stock,Equity,4543,1,MATCH
4523,EISAI,Japan,Tokyo Stock Exchange,USD,Equity,JP,BBG000BG6F83,BBG000BG6F83,BBG001S6BB51,EISAI CO LTD,Common Stock,Common Stock,Equity,4523,1,MATCH
URW,UNIBAIL RODAMCO WE STAPLED UNITS,France,Nyse Euronext - Euronext Paris,USD,Equity,FP,BBG00L1BBGW4,BBG00L1BBGV5,BBG00L16DLC4,UNIBAIL-RODAMCO-WESTFIELD,REIT,REIT,Equity,URW,1,MATCH
GMAB,GENMAB,Denmark,Omx Nordic Exchange Copenhagen A/S,USD,Equity,DC,BBG000BKPC99,BBG000BKPC35,BBG001SCV1W8,GENMAB A/S,Common Stock,Common Stock,Equity,GMAB,1,MATCH
SUZLON,SUZLON ENERGY,India,National Stock Exchange Of India,USD,Equity,IN,,,,,,,,,0,NO_MATCH
6160,BEONE MEDICINES AG,China,Hong Kong Exchanges And Clearing Ltd,USD,Equity,HK,BBG00LLCFBZ4,BBG00LLCFBY5,BBG00LLCFC00,BEONE MEDICINES LTD-H,Common Stock,Common Stock,Equity,6160,1,MATCH
NBIX,NEUROCRINE BIOSCIENCES,United States,NASDAQ,USD,Equity,US,BBG000GJS7C1,BBG000GJS7C1,BBG001S8W4X9,NEUROCRINE BIOSCIENCES INC,Common Stock,Common Stock,Equity,NBIX,1,MATCH
322,TINGYI (CAYMAN ISLANDS) HOLDINGS,China,Hong Kong Exchanges And Clearing Ltd,USD,Equity,HK,BBG000G5QMZ5,BBG000G5QM12,BBG001S8R679,TINGYI (CAYMAN ISLN) HLDG CO,Common Stock,Common Stock,Equity,322,1,MATCH
LI,KLEPIERRE REIT SA,France,Nyse Euronext - Euronext Paris,USD,Equity,FP,BBG000BDX939,BBG000BDX8X8,BBG001S6HXX6,KLEPIERRE,REIT,REIT,Equity,LI,1,MATCH
SALM,SALMAR,Norway,Oslo Bors Asa,USD,Equity,NO,BBG000P3KW39,BBG000P3KVK2,BBG001SQWCZ9,SALMAR ASA,Common Stock,Common Stock,Equity,SALM,1,MATCH
UTHR,UNITED THERAPEUTICS,United States,NASDAQ,USD,Equity,US,BBG000BV4XJ1,BBG000BV4XJ1,BBG001S8RV10,UNITED THERAPEUTICS CORP,Common Stock,Common Stock,Equity,UTHR,1,MATCH
601127,SERES GROUP A,China,Shanghai Stock Exchange,USD,Equity,CH,BBG006M16841,BBG006M16841,BBG006M16832,SERES GROUP CO L-A,Common Stock,Common Stock,Equity,601127,1,MATCH
916,CHINA LONGYUAN POWER GROUP H,China,Hong Kong Exchanges And Clearing Ltd,USD,Equity,HK,BBG000P2MRM9,BBG000P2MR12,BBG001T5G8L6,CHINA LONGYUAN POWER GROUP-H,Common Stock,Common Stock,Equity,916,1,MATCH
ELI,ELIA GROUP SA,Belgium,Nyse Euronext - Euronext Brussels,USD,Equity,BB,BBG000KR9Z28,BBG000KR9YG6,BBG001SJQ7M7,ELIA GROUP SA/NV,Common Stock,Common Stock,Equity,ELI,1,MATCH
SUI,SUN COMMUNITIES REIT INC,United States,NYSE,USD,Equity,US,BBG000BLJWF3,BBG000BLJWF3,BBG001S7HRC0,SUN COMMUNITIES INC,REIT,REIT,Equity,SUI,1,MATCH
1044,HENGAN INTERNATIONAL GROUP,China,Hong Kong Exchanges And Clearing Ltd,USD,Equity,HK,BBG000CJXNB5,BBG000CJXML6,BBG001SC7CN1,HENGAN INTL GROUP CO LTD,Common Stock,Common Stock,Equity,1044,1,MATCH
4519,CHUGAI PHARMACEUTICAL LTD,Japan,Tokyo Stock Exchange,USD,Equity,JP,BBG000BJVLC1,BBG000BJVLC1,BBG001S6CF60,CHUGAI PHARMACEUTICAL CO LTD,Common Stock,Common Stock,Equity,4519,1,MATCH
010120,LS ELECTRIC LTD,Korea (South),Korea Exchange (Stock Market),USD,Equity,KS,BBG000GPVN92,BBG000GPVN92,BBG001S8ZTR8,LS ELECTRIC CO LTD,Common Stock,Common Stock,Equity,010120,1,MATCH
SCA B,SVENSKA CELLULOSA B,Sweden,Nasdaq Omx Nordic,USD,Equity,SS,,,,,,,,,0,NO_MATCH
603806,HANGZHOU FIRST APPLIED MATERIAL LT,China,Shanghai Stock Exchange,USD,Equity,CH,BBG001S0LH96,BBG001S0LH96,BBG001V33FK7,HANGZHOU FIRST APPLIED MAT-A,Common Stock,Common Stock,Equity,603806,1,MATCH
HINDUNILVR,HINDUSTAN UNILEVER LTD,India,National Stock Exchange Of India,USD,Equity,IN,,,,,,,,,0,NO_MATCH
KIMBERA,KIMBERLY-CLARK DE MEXICO CLASS A,Mexico,Bolsa Mexicana De Valores,USD,Equity,MM,BBG000BQCDN2,BBG000BQCDN2,BBG001SCCKH4,KIMBERLY-CLARK DE MEXICO-A,Common Stock,Common Stock,Equity,KIMBERA,1,MATCH
CICT,CAPITALAND INTEGRATED COMMERCIAL T,Singapore,Singapore Exchange,USD,Equity,SP,BBG000HR2RM5,BBG000HR2RC6,BBG001SFLVP4,CAPITALAND INTEGRATED COMMER,REIT,REIT,Equity,CICT,1,MATCH
4507,SHIONOGI,Japan,Tokyo Stock Exchange,USD,Equity,JP,BBG000BJQ7X5,BBG000BJQ7X5,BBG001S6CCT2,SHIONOGI & CO LTD,Common Stock,Common Stock,Equity,4507,1,MATCH
1585,YADEA GROUP HOLDINGS,China,Hong Kong Exchanges And Clearing Ltd,USD,Equity,HK,BBG00CW0KK19,BBG00CW0KJZ5,BBG00CW0KK00,YADEA GROUP HOLDINGS LTD,Common Stock,Common Stock,Equity,1585,1,MATCH
SGRO,SEGRO REIT PLC,United Kingdom,London Stock Exchange,USD,Equity,LN,BBG000BF1HY7,BBG000BF1H40,BBG001S639R1,SEGRO PLC,REIT,REIT,Equity,SGRO,1,MATCH
EDPR,EDP RENEWABLES SA,Portugal,Nyse Euronext - Euronext Lisbon,USD,Equity,PL,BBG000PRGX02,BBG000PRGVZ8,BBG001SM5LL3,EDP RENEWABLES SA,Common Stock,Common Stock,Equity,EDPR,1,MATCH
247540,ECOPRO BM LTD,Korea (South),Korea Exchange (Kosdaq),USD,Equity,KQ,BBG00N36X2X5,BBG00D3DK603,BBG00D3DK621,ECOPRO BM CO LTD,Common Stock,Common Stock,Equity,247540,1,MATCH
CLAR,CAPITALAND ASCENDAS REIT,Singapore,Singapore Exchange,USD,Equity,SP,BBG000PFLWB2,BBG000PFLVY9,BBG001SK0ZT3,CAPITALAND ASCENDAS REIT,REIT,REIT,Equity,CLAR,1,MATCH
001979,CHINA MERCHANTS SHEKOU INDUSTRIAL,China,Shenzhen Stock Exchange,USD,Equity,SZ,,,,,,,,,0,NO_MATCH
VER,VERBUND AG,Austria,Wiener Boerse Ag,USD,Equity,AV,BBG000BFGPZ2,BBG000BFGNH7,BBG001S6PP55,VERBUND AG,Common Stock,Common Stock,Equity,VER,1,MATCH
COV,COVIVIO SA,France,Nyse Euronext - Euronext Paris,USD,Equity,FP,BBG000BJ2HD1,BBG000BJ2H14,BBG001S6CVC8,COVIVIO,REIT,REIT,Equity,COV,1,MATCH
IPN,IPSEN SA,France,Nyse Euronext - Euronext Paris,USD,Equity,FP,BBG000BWH999,BBG000BWH908,BBG001SFCJ35,IPSEN,Common Stock,Common Stock,Equity,IPN,1,MATCH
300274,SUNGROW POWER SUPPLY LTD A,China,Shenzhen Stock Exchange,USD,Equity,SZ,,,,,,,,,0,NO_MATCH
SOBI,SWEDISH ORPHAN BIOVITRUM,Sweden,Nasdaq Omx Nordic,USD,Equity,SS,BBG000C3YBT6,BBG000C3YBM3,BBG001SDX305,SWEDISH ORPHAN BIOVITRUM AB,Common Stock,Common Stock,Equity,SOBI,1,MATCH
12,HENDERSON LAND DEVELOPMENT LTD,Hong Kong,Hong Kong Exchanges And Clearing Ltd,USD,Equity,HK,BBG000BDWF36,BBG000BDWD59,BBG001S6HVB4,HENDERSON LAND DEVELOPMENT,Common Stock,Common Stock,Equity,12,1,MATCH
NRP,NEPI ROCKCASTLE,South Africa,Johannesburg Stock Exchange,USD,Equity,SJ,BBG00H1RHJC8,BBG00GVP5S70,BBG00GVP5S89,NEPI ROCKCASTLE N.V.,Common Stock,Common Stock,Equity,NRP,1,MATCH
ENLT,ENLIGHT RENEWABLE ENERGY,Israel,Tel Aviv Stock Exchange,USD,Equity,IT,BBG000NQKK36,BBG000NQKJ84,BBG001SHX5W6,ENLIGHT RENEWABLE ENERGY LTD,Common Stock,Common Stock,Equity,ENLT,1,MATCH
1801,INNOVENT BIOLOGICS,China,Hong Kong Exchanges And Clearing Ltd,USD,Equity,HK,BBG00M8832B5,BBG00M883298,BBG00M8832C4,INNOVENT BIOLOGICS INC,Common Stock,Common Stock,Equity,1801,1,MATCH
1093,CSPC PHARMACEUTICAL GROUP,China,Hong Kong Exchanges And Clearing Ltd,USD,Equity,HK,BBG000C3N3B5,BBG000C3N1Z3,BBG001S7QWD8,CSPC PHARMACEUTICAL GROUP LT,Common Stock,Common Stock,Equity,1093,1,MATCH
VCX,VICINITY CENTRES,Australia,Asx - All Markets,USD,Equity,AU,BBG000HH1RP5,BBG000HH1RP5,BBG001SM2F48,VICINITY CENTRES,REIT,REIT,Equity,VCX,1,MATCH
9633,NONGFU SPRING LTD H,China,Hong Kong Exchanges And Clearing Ltd,USD,Equity,HK,BBG00WR0QPZ7,BBG00WR0QPX9,BBG00WR0QQ21,NONGFU SPRING CO LTD-H,Common Stock,Common Stock,Equity,9633,1,MATCH
002202,GOLDWIND SCIENCE&amp;TECHNOLOGY LTD A,China,Shenzhen Stock Exchange,USD,Equity,SZ,,,,,,,,,0,NO_MATCH
4151,KYOWA KIRIN LTD,Japan,Tokyo Stock Exchange,USD,Equity,JP,BBG000BG3926,BBG000BG3926,BBG001S6B983,KYOWA KIRIN CO LTD,Common Stock,Common Stock,Equity,4151,1,MATCH
8951,NIPPON BUILDING FUND REIT,Japan,Tokyo Stock Exchange,USD,Equity,JP,BBG000HG80M2,BBG000HG80M2,BBG001S641M2,NIPPON BUILDING FUND INC,REIT,REIT,Equity,8951,1,MATCH
SPSN,SWISS PRIME SITE AG,Switzerland,SIX Swiss Exchange,USD,Equity,SW,BBG000CGWPH1,BBG000CGWPH1,BBG001SF2HF7,SWISS PRIME SITE-REG,Common Stock,Common Stock,Equity,SPSN,1,MATCH
LUPIN,LUPIN,India,National Stock Exchange Of India,USD,Equity,IN,,,,,,,,,0,NO_MATCH
LAND,LAND SECURITIES GROUP REIT PLC,United Kingdom,London Stock Exchange,USD,Equity,LN,BBG000BDPHS3,BBG000BDPHB1,BBG001S62HF7,LAND SECURITIES GROUP PLC,REIT,REIT,Equity,LAND,1,MATCH
301358,HUNAN YUNENG NEW ENERGY BATTERY MA,China,Shenzhen Stock Exchange,USD,Equity,SZ,,,,,,,,,0,NO_MATCH
GFC,GECINA SA,France,Nyse Euronext - Euronext Paris,USD,Equity,FP,BBG000BC2R35,BBG000BC2PZ4,BBG001S68HV3,GECINA SA,REIT,REIT,Equity,GFC,1,MATCH
DEMANT,DEMANT,Denmark,Omx Nordic Exchange Copenhagen A/S,USD,Equity,DC,BBG000J940M0,BBG000J93ZS8,BBG001S6BY88,DEMANT A/S,Common Stock,Common Stock,Equity,DEMANT,1,MATCH
INSM,INSMED,United States,NASDAQ,USD,Equity,US,BBG000BWM5P3,BBG000BWM5P3,BBG001S9SKW7,INSMED INC,Common Stock,Common Stock,Equity,INSM,1,MATCH
2082,ACWA POWER CO,Saudi Arabia,Saudi Stock Exchange,USD,Equity,AB,,,,,,,,,0,NO_MATCH
REC,RECORDATI INDUSTRIA CHIMICA E FARM,Italy,Borsa Italiana,USD,Equity,IM,BBG000BC7PF1,BBG000BC7P43,BBG001S699H6,RECORDATI INDUSTRIA CHIMICA,Common Stock,Common Stock,Equity,REC,1,MATCH
000895,HENAN SHUANGHUI INVESTMENT &amp; DEVEL,China,Shenzhen Stock Exchange,USD,Equity,SZ,,,,,,,,,0,NO_MATCH
NESTLEIND,NESTLE INDIA LTD,India,National Stock Exchange Of India,USD,Equity,IN,,,,,,,,,0,NO_MATCH
600905,CHINA THREE GORGES RENEWABLES(GROU,China,Shanghai Stock Exchange,USD,Equity,CH,BBG000QSRT24,BBG000QSRT24,BBG001T8KQ71,CHINA THREE GORGES RENEWAB-A,Common Stock,Common Stock,Equity,600905,1,MATCH
FIBRAPL14,PROLOGIS PROPERTY MEXICO REIT,Mexico,Bolsa Mexicana De Valores,USD,Equity,MM,,,,,,,,,0,NO_MATCH
LODHA,LODHA DEVELOPERS LTD,India,National Stock Exchange Of India,USD,Equity,IN,BBG000V15XP7,BBG000V15XP7,BBG001T0XNY1,LODHA DEVELOPERS LTD,Common Stock,Common Stock,Equity,LODHA,1,MATCH
6446,PHARMAESSENTIA,Taiwan,Taiwan Stock Exchange,USD,Equity,TT (Taiwan Stock Exchange),BBG0063GF1Z0,BBG0063GF1Y1,BBG0063GF1X2,PHARMAESSENTIA CORP,Common Stock,Common Stock,Equity,6446,1,MATCH
3898,ZHUZHOU CRRC TIMES ELECTRIC LTD H,China,Hong Kong Exchanges And Clearing Ltd,USD,Equity,HK,BBG000C6Z021,BBG000C6YZR8,BBG001SLMP91,ZHUZHOU CRRC TIMES ELECTRI-H,Common Stock,Common Stock,Equity,3898,1,MATCH
3750,CONTEMPORARY AMPEREX TECHNOLOGY CL,China,Hong Kong Exchanges And Clearing Ltd,USD,Equity,HK,BBG01TYB8S12,BBG01TYB8S03,BBG01TYB8S49,CONTEMPORARY AMPEREX TECHN-H,Common Stock,Common Stock,Equity,3750,1,MATCH
COLPAL,COLGATE PALMOLIVE INDIA LTD,India,National Stock Exchange Of India,USD,Equity,IN,,,,,,,,,0,NO_MATCH
3692,HANSOH PHARMACEUTICAL GROUP,China,Hong Kong Exchanges And Clearing Ltd,USD,Equity,HK,BBG00P78Y7N1,BBG00P78Y7M2,BBG00P78Y7P9,HANSOH PHARMACEUTICAL GROUP,Common Stock,Common Stock,Equity,3692,1,MATCH
605117,NINGBO DEYE TECHNOLOGY CORP A,China,Shanghai Stock Exchange,USD,Equity,CH,BBG00PM66Q20,BBG00PM66Q20,BBG00PM66Q39,NINGBO DEYE TECHNOLOGY COR-A,Common Stock,Common Stock,Equity,605117,1,MATCH
688187,ZHUZHOU CRRC TIMES ELECTRIC LTD A,China,Shanghai Stock Exchange,USD,Equity,CH,BBG002FVD0G8,BBG002FVD0G8,BBG002FVD666,ZHUZHOU CRRC TIMES ELECTRI-A,Common Stock,Common Stock,Equity,688187,1,MATCH
688578,SHANGHAI ALLIST PHARMACEUTICALS LT,China,Shanghai Stock Exchange,USD,Equity,CH,BBG007J38S89,BBG007J38S89,BBG007J38S98,SHANGHAI ALLIST PHARMACEUT-A,Common Stock,Common Stock,Equity,688578,1,MATCH
